2025,2026
Scintillating,testword2026-0
Capricious,
Pearlescent,
Opalescent,
Iridescent,
Lugoobrius,
Timorous,
Scrupulous,
Vestibule,
Nebulous,
Phosphorescence,
Foetor,
Erudition,
Veritable,
Tenebrous,
Fusillade,
Mephitic,
Anomalous,
Spasmodic,
Dearth,
Prosaic,
Quintessence,
Visage,
Sepulchral,
Squalid,
Squamous,
Erudite,
Nonagenarian,
Torpor,
Gossamer,
Phantasmagoric,
Agglutinative,
Quaestor,
Morass,
Exuberant,
Hoary,
Mirthful,
Biatrial,
Glisten,
Bifurcate,
Defenestrate,
Leucistic,
Undulate,
Asystole,
Sanctimonious,
Scrumptious,
Percolate,
Auspicious,
Aspic,
Fiduciary,
Fettered,
Bespoke,
Exsanguinate,
Peterburance,
Amortization,
Elliptical,
Asymptote,
Curvilinear,
Affine,
Lexicography,
Idiosyncracy,
Xanthochromism,
Polycephalic,
Stupa,
Lunette,
Caracal,
Venereal,
Uxorious,
Emmetropic,
Thagomizer,
Pendulous,
Inscrutable,
Avaricious,
Ignominy,
Dingbat,
Dinkus,
Pontificate,
Consigliere,
Lugubrious,
Putresence,
Obsequious,
Machiavellian,
Petrichor,
Salubrious,
Turgid,
Ambulate,
Adroit,
Rebarbative,
Sonorous,
Carmine,
Yonic,
Magnanimous,
Incrustation,
Sardonic,
Intransigent,
Frangible,
Fibrillation,
Beatific,
Petulant,
Rapacious,
Synergistic,
Flange,
Prang,
Bingle,
Codger,
Tableau,
Effervescent,
Pulchritude,
Illusory,
Halcyon,
Ameliorate,
Lilliputian,
Ambrosial,
Discombobulate,
Winsome,
Beleaguered,
Fugacious,
Verisimilitude,
Intransigence,
Penumbra,
Syzygy,
Confabulation,
Grandiloquent,
Lethologica,
Sozialversicherungsfachangestelltenauszubildender,
Truculence,
Callipygian,
Magniloquent,
Aphotic,
Antediluvian,
Crepuscular,
Floccinaucinihilipilification,
Interrobang,
Laconic,
Loquacious,
Garrulous,
Tergiversate,
Limerence,
Octothorpe,
Epizootic,
Quintessential,
Effulgent,
Redolent,
Prolix,
Fecund,
Pugnacious,
Palimpsest,
Scabrous,
Perfidious,
Aesthete,
Diaphanous,
Peccadillo,
Languorous,
Scintilla,
Sagacious,
Ossify,
Deleterious,
Pernicious,
Incipient,
Nadir,
Truculent,
Recalcitrant,
Phlegmatic,
Bucolic,
Sycophant,
Epistolary,
Sesquipedalian,
Sagacity,
Supercilious,
Vituperative,
Acrimonious,
Temerity,
Clandestine,
Propitious,
Maladroit,
Peremptory,
Mellifluous,
Capacious,
Exculpate,
Perfunctory,
Eudaimonia,
Alabaster,
Somnolent,
Perspicacious,
Sagittal,
Anachronistic,
Ebullient,
Obdurate,
Rhapsodic,
Baleful,
Plangent,
Ensorcelled,
Byronic,
Profligate,
Nebulaphile,
Perennial,
Elucidate,
Arduous,
Wistful,
Incarnadine,
Halation,
Sempiternal,
Uxorial,
Interstice,
Macabre,
Caliginous,
Penultimate,
Mellifluent,
Lachrymal,
Furtive,
Propinquity,
Pulchritudinous,
Chiaroscuro,
Veridical,
Callous,
Arcanum,
Ostentatious,
Commensurate,
Myrmidon,
Avuncular,
Corpulent,
Petricolor,
Valetudinarian,
Somatic,
Oscillate,
Sesquicentennial,
Imbroglio,
Inchoate,
Vociferous,
Equanimous,
Acrimony,
Veneration,
Resplendent,
Superannuated,
Parochial,
Hermetic,
Diurnal,
Evanesce,
Miscreant,
Quixotic,
Unctuous,
Insouciant,
Ailurophile,
Translucent,
Torpid,
Vapid,
Alacrity,
Stentorian,
Apothegm,
Atavistic,
Axiom,
Bedizen,
Bildungsroman,
Brobdingnagian,
Cachinnate,
Cadence,
Calumny,
Cantankerous,
Catharsis,
Celerity,
Cenotaph,
Circumambient,
Cogitate,
Concatenate,
Consanguineous,
Conflagration,
Conundrum,
Corporeal,
Crescendo,
Deliquescent,
Denouement,
Dichotomy,
Didactic,
Dilatory,
Discursive,
Disinter,
Disparate,
Dissonant,
Divagate,
Dogmatic,
Doppelgänger,
Dross,
Ebullition,
Effulgence,
Eidolon,
Elan,
Emanate,
Emollient,
Enigmatic,
Ephemeral,
Equivocal,
Ersatz,
Euphonious,
Exculpatory,
Execrable,
Exiguous,
Exorbitant,
Exultant,
Feckless,
Forbearance,
Fugue,
Fulminate,
Gibbous,
Glabrous,
Harbinger,
Heliacal,
Hortatory,
Immutable,
Impecunious,
Imperious,
Impetuous,
Ineluctable,
Inimical,
Innocuous,
Insouciance,
Interminable,
Internecine,
Intrepid,
Inveterate,
Juxtaposition,
Lachrymose,
Languid,
Lassitude,
Legerdemain,
Loquacity,
Malfeasance,
Melancholic,
Mellifluity,
Mordant,
Munificent,
Nefarious,
Nonchalance,
Oblivion,
Obstreperous,
Onerous,
Ostensible,
Palliate,
Panacea,
Paradoxical,
Perfidiousness,
Preternatural,
Quiddity,
Erpsichorean,
Theophany,
Threnody,
Somnambulist,
Quadrivium,
Yawp,
Xeric,
Vulpine,
Vatic,
Flibbertigibbet,
Juvenescent,
Florid,
Foible,
Lagniappe,
Synecdoche,
Pusillanimous,
Tintinnabulation,
Slubberdegullion,
Pahoehoe,
Rhadamanthine,
Zeugma,
Ultracrepidarian,
Sylph,
Psithurism,
